names,freq
hanna,7
felipe,1
pauline,2
patrick,3
anne,5
bettina,2
birte,1
cassandra,1
sophie,2
caro,2
tobias,2
martin,7
hannah,1
markus,2
ina,3
sabine,1
doreen,1
jens,4
hanno,1
carmen,2
miriam,5
nils,1
max,4
jenny,3
willi,1
lann,1
annika,2
wolle,1
meike,2
eva,6
johannes,3
kathrin,2
vanina,1
jana,4
christine,5
carina,1
marlene,3
antje,1
lea,1
marthe,1
hassan,1
armin,2
dirk,1
svea,2
isabel,1
louisa,1
christoph,4
michael,5
frieder,1
simon,4
andrea,2
maria,4
nathalie,1
marie,4
karolin,1
aurelia,1
milo,1
daniela,2
peter,2
wendula,1
berenike,1
kerstin,4
anke,3
daniel,4
nora,1
sascha,1
madita,2
judith,3
kate,1
mathis,1
wimi,1
karoline,2
kris,1
majana,1
saskia,2
marina,2
florian,3
astrid,1
andy,3
dog,1
lisa,7
sven,2
anja,5
maike,2
wolfgang,1
lina,1
harald,1
tabea,1
juliane,3
tamás,1
cathleen,1
philipp,6
jule,1
marco,1
andreas,4
konstantin,1
sophia,2
bernd,2
karsten,1
ursula,2
carolin,2
kristina,2
björn,5
holger,1
anna,7
feit,1
silvia,1
katharina,4
grade,1
linda,1
hexi,1
bald,1
ruth,1
constanze,2
klara,1
elsie,1
sebastian,6
marcel,2
vika,1
dennis,3
felix,2
doro,2
karo,1
cita,1
falk,1
fabian,3
alegra,1
sarah,4
lotte,1
oliver,2
konstantina,2
pia,1
joëlle,1
lennart,1
helen,1
annina,1
jan,4
esther,1
anastasia,1
julian,1
gustav,1
julia,9
franzi,1
lilly,1
stefan,3
matthias,1
franziska,6
ulrike,1
momo,1
hinaa,1
friederike,3
phillip,1
habiba,1
robert,4
fuzzy,1
marius,2
nicolai,1
nadine,1
matthäus,1
yvonne,1
paula,1
david,1
sandra,3
svenja,1
gero,1
gertraud,1
claudia,1
nina,1
ryu,1
georg,1
horst,1
achmed,1
josh,1
andi,2
petra,1
brug,1
amir,1
silke,1
jeany,1
dustin,1
ralf,2
marc,1
lukas,2
janina,1
melanie,2
klaus,2
jakob,1
slodo,1
laura,2
sofia,1
pawel,1
jochen,1
alexander,1
aurora,1
mathias,1
ehrlich,1
jennifer,2
stefanie,1
kai,1
bianca,1
faustina,1
katja,1
franka,1
christina,4
lorenz,1
dorothée,1
adriana,1
luca,1
anina,1
sevda,1
helge,1
stephanie,2
jaana,1
beate,1
steffen,1
dominique,1
martina,1
simone,1
anjakarliczek,1
federico,1
alex,3
natascha,1
mona,2
teresa,1
karen,1
yasmin,1
mia,1
rita,1
sabrina,4
christian,4
tullio,1
knicke,1
polly,1
sahra,1
jürgen,2
kat,1
ana,1
henrik,1
ivan,1
günter,1
maha,2
jonathan,1
apodini,1
yusuf,1
egbert,1
richard,1
carolina,1
cyril,1
véronique,1
albert,2
thorsten,1
alf,1
rosi,1
rosa,1
bert,1
gypoma,1
irmtraud,1
ruben,1
alina,1
dominic,1
dumm,1
mascha,1
uwe,3
nicola,1
cécile,1
drolli,1
miguel,1
bartl,1
franz,2
shecat,1
kemal,1
theresa,1
bunker,1
babette,1
leni,1
lia,1
benjamin,1
barbara,2
gregor,1
amelie,1
melissa,1
charlotte,2
marion,1
gerrit,1
dino,1
gordana,1
widukind,1
lioba,2
frank,1
karina,1
hinnerk,1
zell,1
marcus,2
heiko,1
ola,1
manja,1
elke,1
helmut,2
arne,1
lena,4
don,1
balou,1
kaiser,1
alena,1
verena,2
aljoscha,1
ronald,1
stixguru,1
schrödinger,1
dar,1
johanna,1
maik,1
moe,2
gordon,2
phonetiker,1
inga,1
elisabeth,3
cassius,1
chris,3
rolf,1
blebbo,1
darinka,1
nele,1
tina,1
wegen,1
lisbeth,1
thomas,1
nim,1
brigitte,1
schorsch,2
ingmar,1
jörn,2
maleo,1
ulrich,1
elster,1
schnö,1
clayton,1
kevin,2
joana,1
regina,1
iris,1
antonia,1
julika,1
tyson,1
gabriela,1
luise,1
kristin,1
carsten,1
julie,1
bernhard,1
victoria,1
jannis,1
moritz,1
anette,1
alan,1
denise,1
korbinian,1
birgit,1
mareen,1
janine,1
jonas,2
constantin,1
recht,1
sandro,1
lucas,1
jutta,1
mirjam,1
toke,1
amrei,1
oeaw,1
evahausteiner,1
vladimir,1
eda,1
leonid,1
bea,1
kirsten,1
gisela,1
naomi,1
nikolas,1
prekär,1
jörg,1
eben,1
john,1
paesar,1
till,2
tslayok,2
